season,group,value,bank
1-2022,tong-doanh-thu(*),"10,509,931,000",ACB
1-2022,tong-loi-nhuan-truoc-thue,"4,114,005,000",ACB
1-2022,tong-chi-phi,"6,697,417,000",ACB
1-2022,loi-nhuan-rong(**)(**),"3,287,535,000",ACB
1-2022,tong-tai-san,"528,636,428,000",ACB
1-2022,tien-cho-vay,"382,943,670,000",ACB
1-2022,dau-tu-chung-khoan,"63,778,945,000",ACB
1-2022,gop-von-va-dau-tu-dai-han,"207,771,000",ACB
1-2022,tien-gui,"419,789,649,000",ACB
1-2022,von-va-cac-quy,"48,203,333,000",ACB
1-2022,tong-doanh-thu(*),"30,891,363,000",BID
1-2022,tong-loi-nhuan-truoc-thue,"4,513,501,000",BID
1-2022,tong-chi-phi,"19,570,787,000",BID
1-2022,loi-nhuan-rong(**)(**),"3,571,160,000",BID
1-2022,tong-tai-san,"1,847,704,434,000",BID
1-2022,tien-cho-vay,"1,440,725,854,000",BID
1-2022,dau-tu-chung-khoan,"3,274,752,000",BID
1-2022,gop-von-va-dau-tu-dai-han,"2,860,964,000",BID
1-2022,tien-gui,"1,485,213,911,000",BID
1-2022,von-va-cac-quy,"86,631,297,000",BID
1-2022,tong-doanh-thu(*),"26,739,830,000",CTG
1-2022,tong-loi-nhuan-truoc-thue,"5,822,496,000",CTG
1-2022,tong-chi-phi,"17,097,937,000",CTG
1-2022,loi-nhuan-rong(**)(**),"4,663,907,000",CTG
1-2022,tong-tai-san,"1,663,730,167,000",CTG
1-2022,tien-cho-vay,"1,252,686,768,000",CTG
1-2022,dau-tu-chung-khoan,"186,699,556,000",CTG
1-2022,gop-von-va-dau-tu-dai-han,"3,410,049,000",CTG
1-2022,tien-gui,"1,301,538,225,000",CTG
1-2022,von-va-cac-quy,"97,571,887,000",CTG
1-2022,tong-doanh-thu(*),"3,020,752,000",EIB
1-2022,tong-loi-nhuan-truoc-thue,"809,033,000",EIB
1-2022,tong-chi-phi,"2,250,702,000",EIB
1-2022,loi-nhuan-rong(**)(**),"647,228,000",EIB
1-2022,tong-tai-san,"172,343,012,000",EIB
1-2022,tien-cho-vay,"122,553,271,000",EIB
1-2022,dau-tu-chung-khoan,"14,113,943,000",EIB
1-2022,tien-gui,"151,139,584,000",EIB
1-2022,von-va-cac-quy,"18,449,045,000",EIB
1-2022,tong-doanh-thu(*),"7,968,666,000",HDB
1-2022,tong-loi-nhuan-truoc-thue,"2,527,515,000",HDB
1-2022,tong-chi-phi,"5,141,790,000",HDB
1-2022,loi-nhuan-rong(**)(**),"1,918,399,000",HDB
1-2022,tong-tai-san,"381,046,023,000",HDB
1-2022,tien-cho-vay,"225,453,895,000",HDB
1-2022,dau-tu-chung-khoan,"70,541,665,000",HDB
1-2022,gop-von-va-dau-tu-dai-han,"143,331,000",HDB
1-2022,tien-gui,"254,224,982,000",HDB
1-2022,von-va-cac-quy,"30,952,773,000",HDB
1-2022,tong-doanh-thu(*),"6,282,292,000",LVB
1-2022,tong-loi-nhuan-truoc-thue,"1,795,411,000",LVB
1-2022,tong-chi-phi,"4,151,094,000",LVB
1-2022,loi-nhuan-rong(**)(**),"1,420,783,000",LVB
1-2022,tong-tai-san,"284,918,135,000",LVB
1-2022,tien-cho-vay,"208,599,678,000",LVB
1-2022,dau-tu-chung-khoan,"41,641,243,000",LVB
1-2022,tien-gui,"206,603,229,000",LVB
1-2022,von-va-cac-quy,"20,396,638,584",LVB
1-2022,tong-doanh-thu(*),"33,094,293,000",MBB
1-2022,tong-loi-nhuan-truoc-thue,"7,767,373,000",MBB
1-2022,tong-chi-phi,"26,071,977,000",MBB
1-2022,loi-nhuan-rong(**),"6,112,714,000",MBB
1-2022,tong-tai-san,"362,325,062,000",MBB
1-2022,tien-cho-vay,"224,580,157,000",MBB
1-2022,dau-tu-chung-khoan,"74,308,986,000",MBB
1-2022,gop-von-va-dau-tu-dai-han,"728,043,000",MBB
1-2022,tien-gui,"280,657,250,000",MBB
1-2022,von-va-cac-quy,"32,643,154,000",MBB
1-2022,tong-doanh-thu(*),"3,569,877,000",MSB
1-2022,tong-loi-nhuan-truoc-thue,"1,494,917,000",MSB
1-2022,tong-chi-phi,"2,254,062,000",MSB
1-2022,loi-nhuan-rong(**)(**),"1,149,143,000",MSB
1-2022,tong-tai-san,"195,740,713,000",MSB
1-2022,tien-cho-vay,"54,109,765,000",MSB
1-2022,dau-tu-chung-khoan,"23,487,000",MSB
1-2022,gop-von-va-dau-tu-dai-han,"10,036,000",MSB
1-2022,tien-gui,"126,042,522,000",MSB
1-2022,von-va-cac-quy,"23,114,849,000",MSB
1-2022,tong-doanh-thu(*),"3,485,514,004",OCB
1-2022,tong-loi-nhuan-truoc-thue,"835,706,003",OCB
1-2022,tong-chi-phi,"2,367,566,657",OCB
1-2022,loi-nhuan-rong(**)(**),"668,258,666",OCB
1-2022,tong-tai-san,"187,748,480,030",OCB
1-2022,tien-cho-vay,"107,541,885,502",OCB
1-2022,dau-tu-chung-khoan,"41,956,041,229",OCB
1-2022,tien-gui,"128,725,504,917",OCB
1-2022,von-va-cac-quy,"22,472,101,671",OCB
1-2022,tong-doanh-thu(*),"10,178,800,000",STB
1-2022,tong-loi-nhuan-truoc-thue,"1,588,946,000",STB
1-2022,tong-chi-phi,"8,180,785,000",STB
1-2022,loi-nhuan-rong(**)(**),"1,274,076,000",STB
1-2022,tong-tai-san,"552,539,011,000",STB
1-2022,tien-cho-vay,"413,649,168,000",STB
1-2022,dau-tu-chung-khoan,"73,320,764,000",STB
1-2022,gop-von-va-dau-tu-dai-han,"88,968,000",STB
1-2022,tien-gui,"465,206,520,000",STB
1-2022,von-va-cac-quy,"35,481,093,000",STB
1-2022,tong-doanh-thu(*),"3,697,545,000",SSB
1-2022,tong-loi-nhuan-truoc-thue,"1,306,399,000",SSB
1-2022,tong-chi-phi,"2,469,919,000",SSB
1-2022,loi-nhuan-rong(**)(**),"1,048,859,000",SSB
1-2022,tong-tai-san,"231,222,030,000",SSB
1-2022,tien-cho-vay,"150,042,004,000",SSB
1-2022,dau-tu-chung-khoan,"27,702,724,000",SSB
1-2022,gop-von-va-dau-tu-dai-han,"85,091,000",SSB
1-2022,tien-gui,"163,376,658,000",SSB
1-2022,von-va-cac-quy,"22,590,832,000",SSB
1-2022,tong-doanh-thu(*),"14,058,195,000",TCB
1-2022,tong-loi-nhuan-truoc-thue,"6,785,330,000",TCB
1-2022,tong-chi-phi,"6,774,175,000",TCB
1-2022,loi-nhuan-rong(**)(**),"5,504,614,000",TCB
1-2022,tong-tai-san,"615,270,328,000",TCB
1-2022,tien-cho-vay,"380,147,172,000",TCB
1-2022,dau-tu-chung-khoan,"124,000,486,000",TCB
1-2022,gop-von-va-dau-tu-dai-han,"12,813,000",TCB
1-2022,tien-gui,"389,263,428,000",TCB
1-2022,von-va-cac-quy,"97,701,916,000",TCB
1-2022,tong-doanh-thu(*),"5,582,062,000",TPB
1-2022,tong-loi-nhuan-truoc-thue,"1,644,591,000",TPB
1-2022,tong-chi-phi,"3,585,753,000",TPB
1-2022,loi-nhuan-rong(**)(**),"1,315,133,000",TPB
1-2022,tong-tai-san,"292,827,078,000",TPB
1-2022,tien-cho-vay,"154,112,720,000",TPB
1-2022,dau-tu-chung-khoan,"62,404,684,000",TPB
1-2022,tien-gui,"192,877,726,000",TPB
1-2022,von-va-cac-quy,"25,987,981,000",TPB
1-2022,tong-doanh-thu(*),"23,652,295,000",VCB
1-2022,tong-loi-nhuan-truoc-thue,"9,950,256,000",VCB
1-2022,tong-chi-phi,"12,966,328,000",VCB
1-2022,loi-nhuan-rong(**)(**),"7,962,184,000",VCB
1-2022,tong-tai-san,"1,462,748,158,000",VCB
1-2022,tien-cho-vay,"1,068,350,966,000",VCB
1-2022,dau-tu-chung-khoan,"175,250,603,000",VCB
1-2022,gop-von-va-dau-tu-dai-han,"2,366,013,000",VCB
1-2022,tien-gui,"1,255,258,436,000",VCB
1-2022,von-va-cac-quy,"116,985,268,000",VCB
1-2022,tong-doanh-thu(*),"7,041,886,000",VIB
1-2022,tong-loi-nhuan-truoc-thue,"2,278,915,000",VIB
1-2022,tong-chi-phi,"4,286,947,000",VIB
1-2022,loi-nhuan-rong(**)(**),"1,823,136,000",VIB
1-2022,tong-tai-san,"333,850,243,000",VIB
1-2022,tien-cho-vay,"229,518,543,000",VIB
1-2022,dau-tu-chung-khoan,"51,388,186,000",VIB
1-2022,gop-von-va-dau-tu-dai-han,"69,545,000",VIB
1-2022,tien-gui,"227,691,630,000",VIB
1-2022,von-va-cac-quy,"26,011,471,000",VIB
1-2022,tong-doanh-thu(*),"49,463,730,000",VPB
1-2022,tong-loi-nhuan-truoc-thue,"9,198,508,000",VPB
1-2022,tong-chi-phi,"18,467,553,000",VPB
1-2022,loi-nhuan-rong(**),"7,355,568,000",VPB
1-2022,tong-tai-san,"323,291,119,000",VPB
1-2022,tien-cho-vay,"223,195,859,000",VPB
1-2022,dau-tu-chung-khoan,"56,128,829,000",VPB
1-2022,gop-von-va-dau-tu-dai-han,"190,654,000",VPB
1-2022,tien-gui,"191,996,065,000",VPB
1-2022,von-va-cac-quy,"34,750,069,000",VPB
2-2022,tong-doanh-thu(*),"11,205,814,000",ACB
2-2022,tong-loi-nhuan-truoc-thue,"4,914,360,000",ACB
2-2022,tong-chi-phi,"6,495,787,000",ACB
2-2022,loi-nhuan-rong(**)(**),"3,943,148,000",ACB
2-2022,tong-tai-san,"543,736,728,000",ACB
2-2022,tien-cho-vay,"399,647,525,000",ACB
2-2022,dau-tu-chung-khoan,"65,970,354,000",ACB
2-2022,gop-von-va-dau-tu-dai-han,"158,000,000",ACB
2-2022,tien-gui,"435,538,260,000",ACB
2-2022,von-va-cac-quy,"52,066,031,000",ACB
2-2022,tong-doanh-thu(*),"33,899,068,000",BID
2-2022,tong-loi-nhuan-truoc-thue,"6,570,351,000",BID
2-2022,tong-chi-phi,"21,572,286,000",BID
2-2022,loi-nhuan-rong(**)(**),"5,215,695,000",BID
2-2022,tong-tai-san,"1,979,416,229,000",BID
2-2022,tien-cho-vay,"1,508,289,444,000",BID
2-2022,dau-tu-chung-khoan,"216,355,199,000",BID
2-2022,gop-von-va-dau-tu-dai-han,"2,969,936,000",BID
2-2022,tien-gui,"1,569,388,955,000",BID
2-2022,von-va-cac-quy,"91,012,897,000",BID
2-2022,tong-doanh-thu(*),"29,561,419,000",CTG
2-2022,tong-loi-nhuan-truoc-thue,"5,785,062,000",CTG
2-2022,tong-chi-phi,"18,937,883,000",CTG
2-2022,loi-nhuan-rong(**)(**),"4,645,413,000",CTG
2-2022,tong-tai-san,"1,691,061,895,000",CTG
2-2022,tien-cho-vay,"1,258,819,672,000",CTG
2-2022,dau-tu-chung-khoan,"179,325,513,000",CTG
2-2022,gop-von-va-dau-tu-dai-han,"3,500,567,000",CTG
2-2022,tien-gui,"1,301,145,802,000",CTG
2-2022,von-va-cac-quy,"102,012,395,000",CTG
2-2022,tong-doanh-thu(*),"3,472,556,000",EIB
2-2022,tong-loi-nhuan-truoc-thue,"1,093,677,000",EIB
2-2022,tong-chi-phi,"2,457,236,000",EIB
2-2022,loi-nhuan-rong(**)(**),"871,387,000",EIB
2-2022,tong-tai-san,"174,582,486,000",EIB
2-2022,tien-cho-vay,"124,528,116,000",EIB
2-2022,dau-tu-chung-khoan,"12,795,285,000",EIB
2-2022,tien-gui,"150,592,788,000",EIB
2-2022,von-va-cac-quy,"19,072,590,000",EIB
2-2022,tong-doanh-thu(*),"9,144,927,000",HDB
2-2022,tong-loi-nhuan-truoc-thue,"2,776,168,000",HDB
2-2022,tong-chi-phi,"5,683,283,000",HDB
2-2022,loi-nhuan-rong(**)(**),"2,079,127,000",HDB
2-2022,tong-tai-san,"384,266,740,000",HDB
2-2022,tien-cho-vay,"239,229,708,000",HDB
2-2022,dau-tu-chung-khoan,"62,607,158,000",HDB
2-2022,gop-von-va-dau-tu-dai-han,"143,820,000",HDB
2-2022,tien-gui,"255,735,085,000",HDB
2-2022,von-va-cac-quy,"33,192,313,000",HDB
2-2022,tong-doanh-thu(*),"6,475,619,000",LVB
2-2022,tong-loi-nhuan-truoc-thue,"1,793,186,000",LVB
2-2022,tong-chi-phi,"4,453,544,000",LVB
2-2022,loi-nhuan-rong(**)(**),"1,434,686,000",LVB
2-2022,tong-tai-san,"300,919,233,000",LVB
2-2022,tien-cho-vay,"227,273,093,000",LVB
2-2022,dau-tu-chung-khoan,"42,339,677,000",LVB
2-2022,tien-gui,"220,927,560,000",LVB
2-2022,von-va-cac-quy,"23,387,256,000",LVB
2-2022,tong-doanh-thu(*),"40,223,965,000",MBB
2-2022,tong-loi-nhuan-truoc-thue,"10,036,119,000",MBB
2-2022,tong-chi-phi,"26,584,212,000",MBB
2-2022,loi-nhuan-rong(**),"7,822,773,000",MBB
2-2022,tong-tai-san,"411,487,575,000",MBB
2-2022,tien-cho-vay,"260,879,182,000",MBB
2-2022,dau-tu-chung-khoan,"86,796,808,000",MBB
2-2022,gop-von-va-dau-tu-dai-han,"887,017,000",MBB
2-2022,tien-gui,"302,259,667,000",MBB
2-2022,von-va-cac-quy,"37,997,849,000",MBB
2-2022,tong-doanh-thu(*),"3,620,789,000",MSB
2-2022,tong-loi-nhuan-truoc-thue,"1,840,973,000",MSB
2-2022,tong-chi-phi,"2,766,402,000",MSB
2-2022,loi-nhuan-rong(**)(**),"1,491,994,000",MSB
2-2022,tong-tai-san,"195,057,359,000",MSB
2-2022,tien-cho-vay,"119,985,031,000",MSB
2-2022,dau-tu-chung-khoan,"41,815,045,000",MSB
2-2022,gop-von-va-dau-tu-dai-han,"10,036,000",MSB
2-2022,tien-gui,"123,619,449,000",MSB
2-2022,von-va-cac-quy,"24,578,171,000",MSB
2-2022,tong-doanh-thu(*),"3,813,376,857",OCB
2-2022,tong-loi-nhuan-truoc-thue,"903,490,292",OCB
2-2022,tong-chi-phi,"2,463,723,659",OCB
2-2022,loi-nhuan-rong(**)(**),"722,469,050",OCB
2-2022,tong-tai-san,"188,857,392,503",OCB
2-2022,tien-cho-vay,"112,742,866,631",OCB
2-2022,dau-tu-chung-khoan,"36,681,892,716",OCB
2-2022,tien-gui,"129,008,219,839",OCB
2-2022,von-va-cac-quy,"23,146,944,477",OCB
2-2022,tong-doanh-thu(*),"11,184,626,000",STB
2-2022,tong-loi-nhuan-truoc-thue,"1,319,161,000",STB
2-2022,tong-chi-phi,"7,907,576,000",STB
2-2022,loi-nhuan-rong(**)(**),"803,989,000",STB
2-2022,tong-tai-san,"551,422,119,000",STB
2-2022,tien-cho-vay,"415,268,563,000",STB
2-2022,dau-tu-chung-khoan,"71,190,076,000",STB
2-2022,gop-von-va-dau-tu-dai-han,"88,851,000",STB
2-2022,tien-gui,"464,734,996,000",STB
2-2022,von-va-cac-quy,"35,798,125,000",STB
2-2022,tong-doanh-thu(*),"4,209,489,000",SSB
2-2022,tong-loi-nhuan-truoc-thue,"1,499,887,000",SSB
2-2022,tong-chi-phi,"2,821,048,000",SSB
2-2022,loi-nhuan-rong(**)(**),"1,201,905,000",SSB
2-2022,tong-tai-san,"229,723,225,000",SSB
2-2022,tien-cho-vay,"151,222,026,000",SSB
2-2022,dau-tu-chung-khoan,"19,251,563,000",SSB
2-2022,gop-von-va-dau-tu-dai-han,"85,415,000",SSB
2-2022,tien-gui,"164,091,599,000",SSB
2-2022,von-va-cac-quy,"23,556,800,000",SSB
2-2022,tong-doanh-thu(*),"14,247,767,000",TCB
2-2022,tong-loi-nhuan-truoc-thue,"7,321,136,000",TCB
2-2022,tong-chi-phi,"6,917,755,000",TCB
2-2022,loi-nhuan-rong(**)(**),"5,800,491,000",TCB
2-2022,tong-tai-san,"623,745,079,000",TCB
2-2022,tien-cho-vay,"406,785,333,000",TCB
2-2022,dau-tu-chung-khoan,"98,059,454,000",TCB
2-2022,gop-von-va-dau-tu-dai-han,"12,813,000",TCB
2-2022,tien-gui,"378,940,931,000",TCB
2-2022,von-va-cac-quy,"103,509,321,000",TCB
2-2022,tong-doanh-thu(*),"6,631,678,000",TPB
2-2022,tong-loi-nhuan-truoc-thue,"2,164,683,000",TPB
2-2022,tong-chi-phi,"4,460,934,000",TPB
2-2022,loi-nhuan-rong(**)(**),"1,731,843,000",TPB
2-2022,tong-tai-san,"310,772,469,000",TPB
2-2022,tien-cho-vay,"165,299,017,000",TPB
2-2022,dau-tu-chung-khoan,"76,531,823,000",TPB
2-2022,tien-gui,"200,434,149,000",TPB
2-2022,von-va-cac-quy,"29,009,480,000",TPB
2-2022,tong-doanh-thu(*),"23,698,303,000",VCB
2-2022,tong-loi-nhuan-truoc-thue,"7,423,087,000",VCB
2-2022,tong-chi-phi,"15,116,984,000",VCB
2-2022,loi-nhuan-rong(**)(**),"5,936,954,000",VCB
2-2022,tong-tai-san,"1,602,391,727,000",VCB
2-2022,tien-cho-vay,"1,150,933,682,000",VCB
2-2022,dau-tu-chung-khoan,"194,557,985,000",VCB
2-2022,gop-von-va-dau-tu-dai-han,"2,380,804,000",VCB
2-2022,tien-gui,"1,354,476,027,000",VCB
2-2022,von-va-cac-quy,"122,891,923,000",VCB
2-2022,tong-doanh-thu(*),"7,855,561,000",VIB
2-2022,tong-loi-nhuan-truoc-thue,"2,744,047,000",VIB
2-2022,tong-chi-phi,"3,144,757,000",VIB
2-2022,loi-nhuan-rong(**)(**),"2,195,308,000",VIB
2-2022,tong-tai-san,"348,022,816,000",VIB
2-2022,tien-cho-vay,"239,030,809,000",VIB
2-2022,dau-tu-chung-khoan,"48,757,928,000",VIB
2-2022,gop-von-va-dau-tu-dai-han,"69,556,000",VIB
2-2022,tien-gui,"238,218,265,000",VIB
2-2022,von-va-cac-quy,"28,249,674,000",VIB
2-2022,tong-doanh-thu(*),"58,047,104,000",VPB
2-2022,tong-loi-nhuan-truoc-thue,"10,324,161,000",VPB
2-2022,tong-chi-phi,"34,906,442,000",VPB
2-2022,loi-nhuan-rong(**),"8,260,263,000",VPB
2-2022,tong-tai-san,"377,204,126,000",VPB
2-2022,tien-cho-vay,"261,798,526,000",VPB
2-2022,dau-tu-chung-khoan,"70,294,955,000",VPB
2-2022,gop-von-va-dau-tu-dai-han,"164,425,000",VPB
2-2022,tien-gui,"226,093,939,000",VPB
2-2022,von-va-cac-quy,"42,209,742,000",VPB
3-2022,tong-doanh-thu(*),"11,735,423,000",ACB
3-2022,tong-loi-nhuan-truoc-thue,"4,474,760,000",ACB
3-2022,tong-chi-phi,"7,262,697,000",ACB
3-2022,loi-nhuan-rong(**)(**),"3,586,992,000",ACB
3-2022,tong-tai-san,"561,113,724,000",ACB
3-2022,tien-cho-vay,"404,867,478,000",ACB
3-2022,dau-tu-chung-khoan,"72,804,317,000",ACB
3-2022,gop-von-va-dau-tu-dai-han,"154,549,000",ACB
3-2022,tien-gui,"437,555,882,000",ACB
3-2022,von-va-cac-quy,"55,734,731,000",ACB
3-2022,tong-doanh-thu(*),"34,821,508,000",BID
3-2022,tong-loi-nhuan-truoc-thue,"6,673,383,000",BID
3-2022,tong-chi-phi,"23,577,840,000",BID
3-2022,loi-nhuan-rong(**)(**),"5,277,956,000",BID
3-2022,tong-tai-san,"2,048,952,718,000",BID
3-2022,tien-cho-vay,"1,521,014,873,000",BID
3-2022,dau-tu-chung-khoan,"233,034,247,000",BID
3-2022,gop-von-va-dau-tu-dai-han,"3,090,065,000",BID
3-2022,tien-gui,"1,572,095,107,000",BID
3-2022,von-va-cac-quy,"96,257,244,000",BID
3-2022,tong-doanh-thu(*),"32,760,793,000",CTG
3-2022,tong-loi-nhuan-truoc-thue,"4,156,564,000",CTG
3-2022,tong-chi-phi,"20,886,037,000",CTG
3-2022,loi-nhuan-rong(**)(**),"3,338,328,000",CTG
3-2022,tong-tai-san,"1,750,789,603,000",CTG
3-2022,tien-cho-vay,"1,272,923,868,000",CTG
3-2022,dau-tu-chung-khoan,"188,210,289,000",CTG
3-2022,gop-von-va-dau-tu-dai-han,"3,484,883,000",CTG
3-2022,tien-gui,"1,325,282,291,000",CTG
3-2022,von-va-cac-quy,"105,378,347,000",CTG
3-2022,tong-doanh-thu(*),"3,435,892,000",EIB
3-2022,tong-loi-nhuan-truoc-thue,"1,278,038,000",EIB
3-2022,tong-chi-phi,"2,513,635,000",EIB
3-2022,loi-nhuan-rong(**)(**),"1,023,545,000",EIB
3-2022,tong-tai-san,"183,674,150,000",EIB
3-2022,tien-cho-vay,"127,446,734,000",EIB
3-2022,dau-tu-chung-khoan,"11,594,767,000",EIB
3-2022,tien-gui,"156,948,286,000",EIB
3-2022,von-va-cac-quy,"20,122,762,000",EIB
3-2022,tong-doanh-thu(*),"9,237,609,000",HDB
3-2022,tong-loi-nhuan-truoc-thue,"2,712,421,000",HDB
3-2022,tong-chi-phi,"5,920,439,000",HDB
3-2022,loi-nhuan-rong(**)(**),"2,015,985,000",HDB
3-2022,tong-tai-san,"399,152,573,000",HDB
3-2022,tien-cho-vay,"249,385,216,000",HDB
3-2022,dau-tu-chung-khoan,"58,766,334,000",HDB
3-2022,gop-von-va-dau-tu-dai-han,"143,820,000",HDB
3-2022,tien-gui,"265,997,507,000",HDB
3-2022,von-va-cac-quy,"35,184,486,000",HDB
3-2022,tong-doanh-thu(*),"7,037,236,000",LVB
3-2022,tong-loi-nhuan-truoc-thue,"1,233,687,000",LVB
3-2022,tong-chi-phi,"4,868,994,000",LVB
3-2022,loi-nhuan-rong(**)(**),"986,887,000",LVB
3-2022,tong-tai-san,"313,480,212,000",LVB
3-2022,tien-cho-vay,"228,402,190,000",LVB
3-2022,dau-tu-chung-khoan,"44,466,261,000",LVB
3-2022,tien-gui,"233,486,478,000",LVB
3-2022,von-va-cac-quy,"26,895,344,400",LVB
3-2022,tong-doanh-thu(*),"43,896,902,000",MBB
3-2022,tong-loi-nhuan-truoc-thue,"10,688,276,000",MBB
3-2022,tong-chi-phi,"28,826,950,000",MBB
3-2022,loi-nhuan-rong(**),"8,262,659,000",MBB
3-2022,tong-tai-san,"494,982,162,000",MBB
3-2022,tien-cho-vay,"299,892,067,000",MBB
3-2022,dau-tu-chung-khoan,"102,798,873,000",MBB
3-2022,gop-von-va-dau-tu-dai-han,"885,231,000",MBB
3-2022,tien-gui,"335,944,502,000",MBB
3-2022,von-va-cac-quy,"47,906,504,000",MBB
3-2022,tong-doanh-thu(*),"4,055,435,000",MSB
3-2022,tong-loi-nhuan-truoc-thue,"1,488,523,000",MSB
3-2022,tong-chi-phi,"2,692,067,000",MSB
3-2022,loi-nhuan-rong(**)(**),"1,202,769,000",MSB
3-2022,tong-tai-san,"194,182,015,000",MSB
3-2022,tien-cho-vay,"124,720,466,000",MSB
3-2022,dau-tu-chung-khoan,"30,028,600,000",MSB
3-2022,gop-von-va-dau-tu-dai-han,"10,036,000",MSB
3-2022,tien-gui,"123,460,156,000",MSB
3-2022,von-va-cac-quy,"25,796,727,000",MSB
3-2022,tong-doanh-thu(*),"3,930,296,499",OCB
3-2022,tong-loi-nhuan-truoc-thue,"909,471,951",OCB
3-2022,tong-chi-phi,"2,639,771,194",OCB
3-2022,loi-nhuan-rong(**)(**),"727,299,080",OCB
3-2022,tong-tai-san,"193,149,539,587",OCB
3-2022,tien-cho-vay,"116,910,583,775",OCB
3-2022,dau-tu-chung-khoan,"39,794,590,325",OCB
3-2022,tien-gui,"126,898,827,136",OCB
3-2022,von-va-cac-quy,"23,881,660,569",OCB
3-2022,tong-doanh-thu(*),"12,572,820,000",STB
3-2022,tong-loi-nhuan-truoc-thue,"1,532,027,000",STB
3-2022,tong-chi-phi,"8,833,046,000",STB
3-2022,loi-nhuan-rong(**)(**),"1,211,607,000",STB
3-2022,tong-tai-san,"564,192,851,000",STB
3-2022,tien-cho-vay,"421,309,776,000",STB
3-2022,dau-tu-chung-khoan,"73,973,705,000",STB
3-2022,gop-von-va-dau-tu-dai-han,"88,851,000",STB
3-2022,tien-gui,"468,491,528,000",STB
3-2022,von-va-cac-quy,"36,940,248,000",STB
3-2022,tong-doanh-thu(*),"4,431,777,000",SSB
3-2022,tong-loi-nhuan-truoc-thue,"1,210,053,000",SSB
3-2022,tong-chi-phi,"3,160,112,000",SSB
3-2022,loi-nhuan-rong(**)(**),"964,752,000",SSB
3-2022,tong-tai-san,"229,145,802,000",SSB
3-2022,tien-cho-vay,"152,511,962,000",SSB
3-2022,dau-tu-chung-khoan,"13,640,790,000",SSB
3-2022,gop-von-va-dau-tu-dai-han,"61,313,000",SSB
3-2022,tien-gui,"165,658,008,000",SSB
3-2022,von-va-cac-quy,"24,620,095,000",SSB
3-2022,tong-doanh-thu(*),"15,102,450,000",TCB
3-2022,tong-loi-nhuan-truoc-thue,"6,715,079,000",TCB
3-2022,tong-chi-phi,"7,980,210,000",TCB
3-2022,loi-nhuan-rong(**)(**),"5,297,966,000",TCB
3-2022,tong-tai-san,"671,353,524,000",TCB
3-2022,tien-cho-vay,"417,760,485,000",TCB
3-2022,dau-tu-chung-khoan,"104,660,158,000",TCB
3-2022,gop-von-va-dau-tu-dai-han,"12,813,000",TCB
3-2022,tien-gui,"387,202,846,000",TCB
3-2022,von-va-cac-quy,"108,866,771,000",TCB
3-2022,tong-doanh-thu(*),"6,673,120,000",TPB
3-2022,tong-loi-nhuan-truoc-thue,"2,137,715,000",TPB
3-2022,tong-chi-phi,"4,332,413,000",TPB
3-2022,loi-nhuan-rong(**)(**),"1,711,622,000",TPB
3-2022,tong-tai-san,"317,327,732,000",TPB
3-2022,tien-cho-vay,"171,663,537,000",TPB
3-2022,dau-tu-chung-khoan,"76,108,912,000",TPB
3-2022,tien-gui,"212,772,186,000",TPB
3-2022,von-va-cac-quy,"30,637,298,000",TPB
3-2022,tong-doanh-thu(*),"25,911,894,000",VCB
3-2022,tong-loi-nhuan-truoc-thue,"7,566,222,000",VCB
3-2022,tong-chi-phi,"16,998,950,000",VCB
3-2022,loi-nhuan-rong(**)(**),"6,064,870,000",VCB
3-2022,tong-tai-san,"1,649,664,327,000",VCB
3-2022,tien-cho-vay,"1,179,112,689,000",VCB
3-2022,dau-tu-chung-khoan,"178,567,471,000",VCB
3-2022,gop-von-va-dau-tu-dai-han,"2,217,065,000",VCB
3-2022,tien-gui,"1,370,157,364,000",VCB
3-2022,von-va-cac-quy,"128,287,343,000",VCB
3-2022,tong-doanh-thu(*),"8,377,764,000",VIB
3-2022,tong-loi-nhuan-truoc-thue,"2,791,123,000",VIB
3-2022,tong-chi-phi,"5,300,040,000",VIB
3-2022,loi-nhuan-rong(**)(**),"2,233,407,000",VIB
3-2022,tong-tai-san,"340,910,343,000",VIB
3-2022,tien-cho-vay,"252,139,922,000",VIB
3-2022,dau-tu-chung-khoan,"49,557,155,000",VIB
3-2022,gop-von-va-dau-tu-dai-han,"69,492,000",VIB
3-2022,tien-gui,"189,033,408,000",VIB
3-2022,von-va-cac-quy,"30,477,741,000",VIB
3-2022,tong-doanh-thu(*),"61,975,484,000",VPB
3-2022,tong-loi-nhuan-truoc-thue,"13,019,455,000",VPB
3-2022,tong-chi-phi,"35,424,381,000",VPB
3-2022,loi-nhuan-rong(**),"10,413,760,000",VPB
3-2022,tong-tai-san,"419,026,527,000",VPB
3-2022,tien-cho-vay,"296,541,869,000",VPB
3-2022,dau-tu-chung-khoan,"76,978,649,000",VPB
3-2022,gop-von-va-dau-tu-dai-han,"238,581,000",VPB
3-2022,tien-gui,"242,799,397,000",VPB
3-2022,von-va-cac-quy,"52,793,502,000",VPB
4-2022,tong-doanh-thu(*),"13,475,175,000",ACB
4-2022,tong-loi-nhuan-truoc-thue,"3,611,083,000",ACB
4-2022,tong-chi-phi,"10,004,656,000",ACB
4-2022,loi-nhuan-rong(**)(**),"2,870,518,000",ACB
4-2022,tong-tai-san,"607,875,185,000",ACB
4-2022,tien-cho-vay,"417,388,795,000",ACB
4-2022,dau-tu-chung-khoan,"76,666,121,000",ACB
4-2022,gop-von-va-dau-tu-dai-han,"146,814,000",ACB
4-2022,tien-gui,"473,955,521,000",ACB
4-2022,von-va-cac-quy,"58,438,663,000",ACB
4-2022,tong-doanh-thu(*),"38,674,971,000",BID
4-2022,tong-loi-nhuan-truoc-thue,"5,380,885,000",BID
4-2022,tong-chi-phi,"29,874,059,000",BID
4-2022,loi-nhuan-rong(**)(**),"4,186,385,000",BID
4-2022,tong-tai-san,"2,120,527,692,000",BID
4-2022,tien-cho-vay,"1,540,024,418,000",BID
4-2022,dau-tu-chung-khoan,"237,337,870,000",BID
4-2022,gop-von-va-dau-tu-dai-han,"2,977,388,000",BID
4-2022,tien-gui,"1,611,917,164,000",BID
4-2022,von-va-cac-quy,"99,486,238,000",BID
4-2022,tong-doanh-thu(*),"38,674,971,000",CTG
4-2022,tong-loi-nhuan-truoc-thue,"5,380,885,000",CTG
4-2022,tong-chi-phi,"29,874,059,000",CTG
4-2022,loi-nhuan-rong(**)(**),"4,186,385,000",CTG
4-2022,tong-tai-san,"2,120,527,692,000",CTG
4-2022,tien-cho-vay,"1,540,024,418,000",CTG
4-2022,dau-tu-chung-khoan,"237,337,870,000",CTG
4-2022,gop-von-va-dau-tu-dai-han,"2,977,388,000",CTG
4-2022,tien-gui,"1,611,917,164,000",CTG
4-2022,von-va-cac-quy,"99,486,238,000",CTG
4-2022,tong-doanh-thu(*),"3,896,471,000",EIB
4-2022,tong-loi-nhuan-truoc-thue,"528,318,000",EIB
4-2022,tong-chi-phi,"3,485,096,000",EIB
4-2022,loi-nhuan-rong(**)(**),"403,592,000",EIB
4-2022,tong-tai-san,"185,045,048,000",EIB
4-2022,tien-cho-vay,"130,505,614,000",EIB
4-2022,dau-tu-chung-khoan,"16,074,579,000",EIB
4-2022,tien-gui,"158,035,897,000",EIB
4-2022,von-va-cac-quy,"20,479,900,000",EIB
4-2022,tong-doanh-thu(*),"10,919,364,000",HDB
4-2022,tong-loi-nhuan-truoc-thue,"2,251,952,000",HDB
4-2022,tong-chi-phi,"7,652,502,000",HDB
4-2022,loi-nhuan-rong(**)(**),"1,736,284,000",HDB
4-2022,tong-tai-san,"416,273,023,000",HDB
4-2022,tien-cho-vay,"272,666,213,000",HDB
4-2022,dau-tu-chung-khoan,"50,587,006,000",HDB
4-2022,gop-von-va-dau-tu-dai-han,"144,023,000",HDB
4-2022,tien-gui,"265,237,814,000",HDB
4-2022,von-va-cac-quy,"36,953,538,000",HDB
4-2022,tong-doanh-thu(*),"7,915,212,000",LVB
4-2022,tong-loi-nhuan-truoc-thue,"867,398,000",LVB
4-2022,tong-chi-phi,"5,726,765,000",LVB
4-2022,loi-nhuan-rong(**)(**),"667,898,000",LVB
4-2022,tong-tai-san,"327,745,847,000",LVB
4-2022,tien-cho-vay,"236,165,069,000",LVB
4-2022,dau-tu-chung-khoan,"42,573,570,000",LVB
4-2022,tien-gui,"253,582,472,000",LVB
4-2022,von-va-cac-quy,"24,055,154,000",LVB
4-2022,tong-doanh-thu(*),"55,098,826,000",MBB
4-2022,tong-loi-nhuan-truoc-thue,"16,527,259,000",MBB
4-2022,tong-chi-phi,"33,539,933,000",MBB
4-2022,loi-nhuan-rong(**),"12,697,075,000",MBB
4-2022,tong-tai-san,"607,140,419,000",MBB
4-2022,tien-cho-vay,"375,463,638,000",MBB
4-2022,dau-tu-chung-khoan,"136,381,518,000",MBB
4-2022,gop-von-va-dau-tu-dai-han,"803,208,000",MBB
4-2022,tien-gui,"398,562,796,000",MBB
4-2022,von-va-cac-quy,"59,574,835,000",MBB
4-2022,tong-doanh-thu(*),"4,538,777,000",MSB
4-2022,tong-loi-nhuan-truoc-thue,"962,794,000",MSB
4-2022,tong-chi-phi,"3,488,166,000",MSB
4-2022,loi-nhuan-rong(**)(**),"772,310,000",MSB
4-2022,tong-tai-san,"213,393,858,000",MSB
4-2022,tien-cho-vay,"130,523,502,000",MSB
4-2022,dau-tu-chung-khoan,"31,556,417,000",MSB
4-2022,gop-von-va-dau-tu-dai-han,"10,036,000",MSB
4-2022,tien-gui,"146,460,644,000",MSB
4-2022,von-va-cac-quy,"26,653,998,000",MSB
4-2022,tong-doanh-thu(*),"4,746,786,990",OCB
4-2022,tong-loi-nhuan-truoc-thue,"1,740,639,403",OCB
4-2022,tong-chi-phi,"2,975,816,466",OCB
4-2022,loi-nhuan-rong(**)(**),"1,391,719,657",OCB
4-2022,tong-tai-san,"193,994,237,851",OCB
4-2022,tien-cho-vay,"122,012,599,940",OCB
4-2022,dau-tu-chung-khoan,"37,475,942,326",OCB
4-2022,tien-gui,"122,270,028,497",OCB
4-2022,von-va-cac-quy,"25,272,267,891",OCB
4-2022,tong-doanh-thu(*),"14,671,206,000",STB
4-2022,tong-loi-nhuan-truoc-thue,"1,899,038,000",STB
4-2022,tong-chi-phi,"9,768,015,000",STB
4-2022,loi-nhuan-rong(**)(**),"1,751,123,000",STB
4-2022,tong-tai-san,"591,994,201,000",STB
4-2022,tien-cho-vay,"438,953,082,000",STB
4-2022,dau-tu-chung-khoan,"68,844,379,000",STB
4-2022,gop-von-va-dau-tu-dai-han,"88,812,000",STB
4-2022,tien-gui,"476,470,173,000",STB
4-2022,von-va-cac-quy,"38,626,996,000",STB
4-2022,tong-doanh-thu(*),"4,877,140,000",SSB
4-2022,tong-loi-nhuan-truoc-thue,"1,052,647,000",SSB
4-2022,tong-chi-phi,"3,594,318,000",SSB
4-2022,loi-nhuan-rong(**)(**),"837,412,000",SSB
4-2022,tong-tai-san,"231,423,056,000",SSB
4-2022,tien-cho-vay,"157,561,937,000",SSB
4-2022,dau-tu-chung-khoan,"12,634,030,000",SSB
4-2022,gop-von-va-dau-tu-dai-han,"61,313,000",SSB
4-2022,tien-gui,"159,813,036,000",SSB
4-2022,von-va-cac-quy,"26,232,220,000",SSB
4-2022,tong-doanh-thu(*),"16,704,655,000",TCB
4-2022,tong-loi-nhuan-truoc-thue,"4,746,223,000",TCB
4-2022,tong-chi-phi,"10,845,510,000",TCB
4-2022,loi-nhuan-rong(**)(**),"3,544,272,000",TCB
4-2022,tong-tai-san,"699,032,544,000",TCB
4-2022,tien-cho-vay,"433,573,416,000",TCB
4-2022,dau-tu-chung-khoan,"104,612,954,000",TCB
4-2022,gop-von-va-dau-tu-dai-han,"12,813,000",TCB
4-2022,tien-gui,"419,697,523,000",TCB
4-2022,von-va-cac-quy,"112,296,051,000",TCB
4-2022,tong-doanh-thu(*),"7,378,123,000",TPB
4-2022,tong-loi-nhuan-truoc-thue,"1,902,743,000",TPB
4-2022,tong-chi-phi,"5,319,423,000",TPB
4-2022,loi-nhuan-rong(**)(**),"1,519,328,000",TPB
4-2022,tong-tai-san,"328,634,007,000",TPB
4-2022,tien-cho-vay,"177,471,842,000",TPB
4-2022,dau-tu-chung-khoan,"74,376,644,000",TPB
4-2022,tien-gui,"242,225,727,000",TPB
4-2022,von-va-cac-quy,"32,239,052,000",TPB
4-2022,tong-doanh-thu(*),"30,411,967,000",VCB
4-2022,tong-loi-nhuan-truoc-thue,"12,419,095,000",VCB
4-2022,tong-chi-phi,"17,504,166,000",VCB
4-2022,loi-nhuan-rong(**)(**),"9,928,277,000",VCB
4-2022,tong-tai-san,"1,814,188,209,000",VCB
4-2022,tien-cho-vay,"1,185,815,975,000",VCB
4-2022,dau-tu-chung-khoan,"197,670,899,000",VCB
4-2022,gop-von-va-dau-tu-dai-han,"2,193,516,000",VCB
4-2022,tien-gui,"1,465,509,057,000",VCB
4-2022,von-va-cac-quy,"137,900,063,000",VCB
4-2022,tong-doanh-thu(*),"9,174,359,000",VIB
4-2022,tong-loi-nhuan-truoc-thue,"2,767,034,000",VIB
4-2022,tong-chi-phi,"4,338,786,000",VIB
4-2022,loi-nhuan-rong(**)(**),"2,216,919,000",VIB
4-2022,tong-tai-san,"343,069,186,000",VIB
4-2022,tien-cho-vay,"256,682,801,000",VIB
4-2022,dau-tu-chung-khoan,"40,278,720,000",VIB
4-2022,gop-von-va-dau-tu-dai-han,"69,457,000",VIB
4-2022,tien-gui,"246,081,651,000",VIB
4-2022,von-va-cac-quy,"32,651,045,000",VIB
4-2022,tong-doanh-thu(*),"63,182,339,000",VPB
4-2022,tong-loi-nhuan-truoc-thue,"14,363,770,000",VPB
4-2022,tong-chi-phi,"32,683,152,000",VPB
4-2022,loi-nhuan-rong(**),"11,721,208,000",VPB
4-2022,tong-tai-san,"547,409,439,000",VPB
4-2022,tien-cho-vay,"372,139,263,000",VPB
4-2022,dau-tu-chung-khoan,"82,769,372,000",VPB
4-2022,gop-von-va-dau-tu-dai-han,"249,710,000",VPB
4-2022,tien-gui,"288,943,829,000",VPB
4-2022,von-va-cac-quy,"78,371,666,000",VPB
